{
  "timestamp": "2025-12-29T04:51:42.751158",
  "results": {
    "passed": 7,
    "failed": 8,
    "skipped": 4
  },
  "pass_rate": 36.84210526315789,
  "total_tests": 19
}